<?xml version="1.0" encoding="UTF-8"?>
<preferences>
 <debug showDebugMenu="0" />
 <systemtable filter="Default">
  <columns>
   <connections preferredWidth="127" />
   <irq preferredWidth="34" />
  </columns>
 </systemtable>
 <clocktable>
  <columns>
   <clockname preferredWidth="545" />
   <clocksource preferredWidth="544" />
   <frequency preferredWidth="525" />
  </columns>
 </clocktable>
 <library expandedCategories="Project/coe4ds4_components,Library,Project" />
 <window width="1930" height="1034" x="0" y="25" />
</preferences>
