<?xml version="1.0" ?>
<LOG_ROOT>
	<PROJECT NAME="experiment2">
		<CBX_INST_ENTRY INSTANCE_NAME="|experiment2|experiment2_cpu_0:cpu_0|experiment2_cpu_0_register_bank_b_module:experiment2_cpu_0_register_bank_b|altsyncram:the_altsyncram" CBX_FILE_NAME="altsyncram_ihg1.tdf"/>
		<CBX_INST_ENTRY INSTANCE_NAME="|experiment2|sld_signaltap:auto_signaltap_0|sld_signaltap_impl:sld_signaltap_body|altdpram:\stp_non_zero_ram_gen:attribute_mem_gen:attribute_mem|lpm_mux:mux" CBX_FILE_NAME="mux_doc.tdf"/>
		<CBX_INST_ENTRY INSTANCE_NAME="|experiment2|sld_signaltap:auto_signaltap_0|sld_signaltap_impl:sld_signaltap_body|sld_offload_buffer_mgr:\stp_non_zero_depth_offload_gen:stp_offload_buff_mgr_inst|LPM_COUNTER:\adv_point_3_and_more:advance_pointer_counter" CBX_FILE_NAME="cntr_9ci.tdf"/>
		<CBX_INST_ENTRY INSTANCE_NAME="|experiment2|custom_counter_component:custom_counter_component_0|DP_ram:dp_ram_inst|altsyncram:altsyncram_component" CBX_FILE_NAME="altsyncram_ol52.tdf"/>
		<CBX_INST_ENTRY INSTANCE_NAME="|experiment2|sld_signaltap:auto_signaltap_0|sld_signaltap_impl:sld_signaltap_body|altdpram:\stp_non_zero_ram_gen:attribute_mem_gen:attribute_mem|lpm_decode:wdecoder" CBX_FILE_NAME="decode_rqf.tdf"/>
		<CBX_INST_ENTRY INSTANCE_NAME="|experiment2|sld_signaltap:auto_signaltap_0|sld_signaltap_impl:sld_signaltap_body|sld_offload_buffer_mgr:\stp_non_zero_depth_offload_gen:stp_offload_buff_mgr_inst|LPM_COUNTER:status_read_pointer_counter" CBX_FILE_NAME="cntr_gui.tdf"/>
		<CBX_INST_ENTRY INSTANCE_NAME="|experiment2|experiment2_cpu_0:cpu_0|experiment2_cpu_0_nios2_oci:the_experiment2_cpu_0_nios2_oci|experiment2_cpu_0_nios2_oci_im:the_experiment2_cpu_0_nios2_oci_im|experiment2_cpu_0_traceram_lpm_dram_bdp_component_module:experiment2_cpu_0_traceram_lpm_dram_bdp_component|altsyncram:the_altsyncram" CBX_FILE_NAME="altsyncram_e502.tdf"/>
		<CBX_INST_ENTRY INSTANCE_NAME="|experiment2|experiment2_cpu_0:cpu_0|experiment2_cpu_0_nios2_oci:the_experiment2_cpu_0_nios2_oci|experiment2_cpu_0_nios2_ocimem:the_experiment2_cpu_0_nios2_ocimem|experiment2_cpu_0_ociram_lpm_dram_bdp_component_module:experiment2_cpu_0_ociram_lpm_dram_bdp_component|altsyncram:the_altsyncram" CBX_FILE_NAME="altsyncram_ub82.tdf"/>
		<CBX_INST_ENTRY INSTANCE_NAME="|experiment2|experiment2_cpu_0:cpu_0|experiment2_cpu_0_register_bank_a_module:experiment2_cpu_0_register_bank_a|altsyncram:the_altsyncram" CBX_FILE_NAME="altsyncram_hhg1.tdf"/>
		<CBX_INST_ENTRY INSTANCE_NAME="|experiment2|experiment2_jtag_uart_0:jtag_uart_0|experiment2_jtag_uart_0_scfifo_w:the_experiment2_jtag_uart_0_scfifo_w|scfifo:wfifo" CBX_FILE_NAME="scfifo_1n21.tdf"/>
		<CBX_INST_ENTRY INSTANCE_NAME="|experiment2|sld_signaltap:auto_signaltap_0|sld_signaltap_impl:sld_signaltap_body|sld_offload_buffer_mgr:\stp_non_zero_depth_offload_gen:stp_offload_buff_mgr_inst|LPM_COUNTER:read_pointer_counter" CBX_FILE_NAME="cntr_65j.tdf"/>
		<CBX_INST_ENTRY INSTANCE_NAME="|experiment2|experiment2_jtag_uart_0:jtag_uart_0|experiment2_jtag_uart_0_scfifo_r:the_experiment2_jtag_uart_0_scfifo_r|scfifo:rfifo" CBX_FILE_NAME="scfifo_1n21.tdf"/>
		<CBX_INST_ENTRY INSTANCE_NAME="|experiment2|sld_signaltap:auto_signaltap_0|sld_signaltap_impl:sld_signaltap_body|altsyncram:\stp_non_zero_ram_gen:stp_buffer_ram" CBX_FILE_NAME="altsyncram_us14.tdf"/>
		<CBX_INST_ENTRY INSTANCE_NAME="|experiment2|sld_signaltap:auto_signaltap_0|sld_signaltap_impl:sld_signaltap_body|sld_offload_buffer_mgr:\stp_non_zero_depth_offload_gen:stp_offload_buff_mgr_inst|LPM_COUNTER:status_advance_pointer_counter" CBX_FILE_NAME="cntr_0ci.tdf"/>
	</PROJECT>
</LOG_ROOT>
