<?xml version="1.0" encoding="UTF-8"?>
<preferences>
 <debug showDebugMenu="0" />
 <systemtable filter="Default">
  <columns>
   <connections preferredWidth="127" />
   <irq preferredWidth="34" />
   <inputclock preferredWidth="150" />
   <name preferredWidth="219" />
  </columns>
 </systemtable>
 <clocktable>
  <columns>
   <clockname preferredWidth="465" />
   <clocksource preferredWidth="464" />
   <frequency preferredWidth="445" />
  </columns>
 </clocktable>
 <library expandedCategories="Project,Library" />
 <window width="1690" height="1004" x="0" y="25" />
</preferences>
