<?xml version="1.0" encoding="UTF-8"?>
<preferences>
 <debug showDebugMenu="0" />
 <systemtable filter="Default">
  <columns>
   <connections preferredWidth="127" />
   <irq preferredWidth="34" />
  </columns>
 </systemtable>
 <clocktable>
  <columns>
   <clockname preferredWidth="268" />
   <clocksource preferredWidth="268" />
   <frequency preferredWidth="248" />
  </columns>
 </clocktable>
 <library expandedCategories="Library,Project" />
 <window width="1100" height="800" x="753" y="70" />
 <generation
   path="/home/ECE/ganesr3/Desktop/coe4ds4_lab3_2018_working_directory/_PROJECT_NAME_" />
</preferences>
