<?xml version="1.0" encoding="UTF-8"?>
<preferences>
 <debug showDebugMenu="0" />
 <systemtable>
  <columns>
   <connections preferredWidth="127" />
   <irq preferredWidth="34" />
  </columns>
 </systemtable>
 <clocktable>
  <columns>
   <clockname preferredWidth="429" />
   <clocksource preferredWidth="429" />
   <frequency preferredWidth="409" />
  </columns>
 </clocktable>
 <library
   expandedCategories="Library/Memories and Memory Controllers/On-Chip,Library/Interface Protocols/Serial,Library/Interface Protocols,Library,Library/Embedded Processors,Library/Peripherals/Microcontroller Peripherals,Library/Memories and Memory Controllers,Project/coe4ds4_components,Project,Library/Peripherals" />
 <window width="1583" height="930" x="203" y="27" />
 <generation simulation="VERILOG" synthesis="0" block_symbol_file="0" />
</preferences>
