<?xml version="1.0" encoding="UTF-8"?>
<preferences>
 <debug showDebugMenu="0" />
 <systemtable>
  <columns>
   <connections preferredWidth="127" />
   <irq preferredWidth="34" />
   <name preferredWidth="337" />
  </columns>
 </systemtable>
 <clocktable>
  <columns>
   <clockname preferredWidth="454" />
   <clocksource preferredWidth="452" />
   <frequency preferredWidth="438" />
  </columns>
 </clocktable>
 <library expandedCategories="Library,Project" />
 <window width="1930" height="1034" x="-5" y="25" />
 <hdlexample language="VERILOG" />
</preferences>
